uuid,molecule,fragments,linker,anchor_1,anchor_2,energy,idx,keep
0,O=C([O-])c1ccc(-c2ccc(-c3ccc(C(=O)[O-])cc3F)c(F)c2)c(F)c1,O=C([O-])c1cccc(F)c1.O=C([O-])c1cccc(F)c1,Fc1ccccc1,6,16,53.82234338923456,0,True
13,O=C([O-])c1ccc(-c2ccc(-c3c(F)cc(C(=O)[O-])c(F)c3F)c(F)c2F)c(F)c1F,O=C([O-])c1cc(F)cc(F)c1F.O=C([O-])c1cccc(F)c1F,Fc1ccccc1F,7,18,57.9060615579479,13,True
25,CCCc1cc(C(=O)[O-])ccc1-c1nnc(-c2c(CCC)cc(C(=O)[O-])cc2CCC)nn1,CCCc1cc(CCC)cc(C(=O)[O-])c1.CCCc1cccc(C(=O)[O-])c1,c1nncnn1,14,26,64.91427746686412,25,True
40,Clc1nccc(N(Cl)N(Cl)c2c(Cl)c(Cl)nc(Cl)c2Cl)c1Cl,Clc1cc(Cl)c(Cl)nc1Cl.Clc1cccnc1Cl,ClNNCl,7,15,43.17099068425007,40,True
47,CCc1cnccc1-c1nnc(-c2ccncc2CC)nn1,CCc1cccnc1.CCc1cccnc1,c1nncnn1,7,15,51.78553977959341,47,True
55,O=C([O-])c1ccc(C=C(F)c2cc(F)c(C(=O)[O-])c(F)c2)c(F)c1,O=C([O-])c1c(F)cccc1F.O=C([O-])c1cccc(F)c1,C=CF,7,17,42.51129056811317,55,True
66,CCC(=C(CC)c1ccc(C(=O)[O-])c(CC)c1)c1ccc(C(=O)[O-])cc1,CCc1ccccc1C(=O)[O-].O=C([O-])c1ccccc1,CCC=CCC,4,17,59.15140190557649,66,True
81,CCC(=Cc1ccncc1CC)c1ccncc1CC,CCc1cccnc1.CCc1cccnc1,C=CCC,7,15,47.29782224511178,81,True
91,O=C([O-])c1ccc(C=C(F)c2cc(F)c(C(=O)[O-])c(F)c2F)cc1F,O=C([O-])c1c(F)ccc(F)c1F.O=C([O-])c1ccccc1F,C=CF,7,18,44.11836928688597,91,True
104,CCc1cc(-c2nnc(-c3cc(CC)nc(CC)c3CC)nn2)ccn1,CCc1ccc(CC)c(CC)n1.CCc1ccccn1,c1nncnn1,4,16,52.96916351869821,104,True
0,c1cc(-c2ccc(-c3ccncc3)cc2)ccn1,c1ccncc1.c1ccncc1,c1ccccc1,2,8,45.30401032163179,0,True
4,Cc1cc(-c2ccc(-c3cc(C)c(C(=O)[O-])c(C)c3)c(C)c2)c(C)cc1C(=O)[O-],Cc1ccc(C)c(C(=O)[O-])c1.Cc1cccc(C)c1C(=O)[O-],Cc1ccccc1,3,14,79.40720069258664,4,True
18,Cc1cc(-c2nnc(-c3c(C)cncc3C)nn2)cc(C)n1,Cc1cccc(C)n1.Cc1cncc(C)c1,c1nncnn1,3,15,50.819068117273886,18,True
26,CCC(C#CC(=O)[O-])=CC#CC(=O)[O-],C#CC(=O)[O-].C#CC(=O)[O-],C=CCC,4,9,3.285115859826698,26,True
33,O=C([O-])c1ccc(-c2nnc(-c3cc(F)c(C(=O)[O-])cc3F)nn2)c(F)c1,O=C([O-])c1cc(F)ccc1F.O=C([O-])c1cccc(F)c1,c1nncnn1,7,17,46.13220577488875,33,True
41,O=C([O-])c1ccc(-c2nnc(-c3c(F)cc(C(=O)[O-])c(F)c3F)nn2)cc1F,O=C([O-])c1cc(F)cc(F)c1F.O=C([O-])c1ccccc1F,c1nncnn1,7,18,47.50933294065306,41,True
53,O=C([O-])c1ccc(-c2cc(F)c(-c3ccc(C(=O)[O-])c(F)c3)cc2F)cc1F,O=C([O-])c1ccccc1F.O=C([O-])c1ccccc1F,Fc1ccc(F)cc1,6,16,55.29795589231083,53,True
68,Fc1cc(-c2ccc(-c3ccncc3F)cc2)c(F)c(F)n1,Fc1ccc(F)c(F)n1.Fc1cccnc1,c1ccccc1,3,15,47.3643207293817,68,True
76,O=C([O-])c1ccc(-c2cc(F)c(-c3c(F)cc(C(=O)[O-])cc3F)c(F)c2F)c(F)c1,O=C([O-])c1cc(F)cc(F)c1.O=C([O-])c1cccc(F)c1,Fc1ccc(F)c(F)c1,7,17,56.04101652832368,76,True
89,Fc1cc(-c2c(F)c(F)nc(F)c2F)c(F)c(F)c1-c1c(F)c(F)nc(F)c1F,Fc1cc(F)c(F)nc1F.Fc1cc(F)c(F)nc1F,Fc1ccc(F)c(F)c1,7,17,51.37029816985456,89,True
0,O=C([O-])c1ccc(-c2ccc(-c3cc(F)c(C(=O)[O-])cc3F)cc2)c(F)c1,O=C([O-])c1cc(F)ccc1F.O=C([O-])c1cccc(F)c1,c1ccccc1,7,17,54.18175001954929,0,True
13,O=C([O-])c1ccc(-c2cc(F)c(-c3cc(F)c(C(=O)[O-])cc3F)cc2F)cc1F,O=C([O-])c1cc(F)ccc1F.O=C([O-])c1ccccc1F,Fc1ccc(F)cc1,7,17,56.07978225441003,13,True
26,Fc1cc(-c2ccc(-c3c(F)cncc3F)c(F)c2F)c(F)cn1,Fc1ccc(F)nc1.Fc1cncc(F)c1,Fc1ccccc1F,3,15,49.67663598825877,26,True
36,Fc1cc(-c2ccc(-c3cc(F)nc(F)c3F)c(F)c2F)c(F)cn1,Fc1ccc(F)c(F)n1.Fc1ccc(F)nc1,Fc1ccccc1F,3,12,49.06808659466782,36,True
47,O=C([O-])c1cc(F)c(-c2ccc(-c3cc(F)c(C(=O)[O-])c(F)c3F)cc2F)cc1F,O=C([O-])c1c(F)ccc(F)c1F.O=C([O-])c1cc(F)ccc1F,Fc1ccccc1,7,19,57.55587288875751,47,True
59,Fc1cc(-c2cc(F)c(-c3ccnc(F)c3F)cc2F)c(F)c(F)n1,Fc1ccc(F)c(F)n1.Fc1cccnc1F,Fc1ccc(F)cc1,3,14,49.04936638424291,59,True
69,Cc1cc(-c2ccc(C(=O)[O-])c(C)c2C)c(C)c(C)c1-c1ccc(C(=O)[O-])c(C)c1C,Cc1cccc(C(=O)[O-])c1C.Cc1cccc(C(=O)[O-])c1C,Cc1ccc(C)c(C)c1,8,19,95.76697023245433,69,True
77,O=C([O-])c1ccc(-c2c(F)cc(-c3cc(F)c(C(=O)[O-])c(F)c3)cc2F)c(F)c1,O=C([O-])c1c(F)cccc1F.O=C([O-])c1cccc(F)c1,Fc1cccc(F)c1,7,17,56.08375269692135,77,True
88,O=C([O-])c1cc(F)c(-c2ccc(-c3ccc(C(=O)[O-])c(F)c3F)cc2F)cc1F,O=C([O-])c1cc(F)ccc1F.O=C([O-])c1cccc(F)c1F,Fc1ccccc1,7,17,56.195736510303085,88,True
103,O=C([O-])c1cc(F)c(C(F)=Cc2ccc(C(=O)[O-])c(F)c2)c(F)c1,O=C([O-])c1cc(F)cc(F)c1.O=C([O-])c1ccccc1F,C=CF,7,17,42.76789996918292,103,True
0,Fc1cc(-c2cc(F)c(-c3c(F)cnc(F)c3F)c(F)c2)c(F)c(F)n1,Fc1ccc(F)c(F)n1.Fc1cnc(F)c(F)c1,Fc1cccc(F)c1,3,17,49.62507523068936,0,True
7,O=C([O-])c1ccc(C=C(F)c2ccc(C(=O)[O-])c(F)c2F)cc1F,O=C([O-])c1cccc(F)c1F.O=C([O-])c1ccccc1F,C=CF,6,16,42.82978058930064,7,True
19,CCc1cc(-c2nnc(-c3cc(CC)c(C(=O)[O-])c(CC)c3CC)nn2)ccc1C(=O)[O-],CCc1ccc(CC)c(C(=O)[O-])c1CC.CCc1ccccc1C(=O)[O-],c1nncnn1,4,19,78.78621891445897,19,True
34,O=C([O-])c1cc(F)c(-c2ccc(-c3cc(F)c(C(=O)[O-])cc3F)c(F)c2)cc1F,O=C([O-])c1cc(F)ccc1F.O=C([O-])c1cc(F)ccc1F,Fc1ccccc1,7,18,56.11070828732973,34,True
46,Cc1cc(C(=O)[O-])ccc1-c1nnc(-c2cc(C)c(C(=O)[O-])c(C)c2)nn1,Cc1cccc(C(=O)[O-])c1.Cc1cccc(C)c1C(=O)[O-],c1nncnn1,9,13,61.66314715199261,46,True
54,Cc1cc(C(=O)[O-])ccc1-c1ccc(-c2c(C)cc(C(=O)[O-])cc2C)cc1C,Cc1cc(C)cc(C(=O)[O-])c1.Cc1cccc(C(=O)[O-])c1,Cc1ccccc1,10,20,67.41226002352283,54,True
61,ClC(=Cc1ccncc1Cl)c1cc(Cl)nc(Cl)c1Cl,Clc1ccc(Cl)c(Cl)n1.Clc1cccnc1,C=CCl,3,15,39.90974921722771,61,True
73,Cc1cc(-c2nnc(-c3ccc(C(=O)[O-])cc3)nn2)ccc1C(=O)[O-],Cc1ccccc1C(=O)[O-].O=C([O-])c1ccccc1,c1nncnn1,3,16,48.78881852100611,73,True
80,O=C([O-])c1ccc(-c2nnc(-c3c(F)cc(C(=O)[O-])c(F)c3F)nn2)cc1,O=C([O-])c1cc(F)cc(F)c1F.O=C([O-])c1ccccc1,c1nncnn1,7,18,46.36638898506313,80,True
89,Cc1cc(-c2ccc(-c3cc(C)c(C(=O)[O-])c(C)c3)c(C)c2C)c(C)cc1C(=O)[O-],Cc1ccc(C)c(C(=O)[O-])c1.Cc1cccc(C)c1C(=O)[O-],Cc1ccccc1C,3,14,86.29005023081034,89,True
0,Cc1cc(-c2ccc(-c3c(C)cnc(C)c3C)cc2C)c(C)c(C)n1,Cc1ccc(C)c(C)n1.Cc1cnc(C)c(C)c1,Cc1ccccc1,3,17,70.14320768458235,0,True
4,NC(C#CC(=O)[O-])=CC#CC(=O)[O-],C#CC(=O)[O-].C#CC(=O)[O-],C=CN,4,9,2.2769211243207224,4,True
12,O=C([O-])c1ccc(-c2ccc(-c3cc(F)c(C(=O)[O-])c(F)c3F)c(F)c2F)c(F)c1,O=C([O-])c1c(F)ccc(F)c1F.O=C([O-])c1cccc(F)c1,Fc1ccccc1F,7,18,57.28226796499231,12,True
27,O=C([O-])c1cc(C(=O)[O-])c(Cl)c(-c2cc(Cl)c(-c3cc(C(=O)[O-])c(Cl)c(C(=O)[O-])c3Cl)c(Cl)c2Cl)c1,O=C([O-])c1ccc(Cl)c(C(=O)[O-])c1.O=C([O-])c1ccc(Cl)c(C(=O)[O-])c1Cl,Clc1ccc(Cl)c(Cl)c1,11,18,82.17306007864217,27,True
43,O=C([O-])c1cc(C(=O)[O-])c(Cl)c(-c2c(Cl)cc(-c3cc(C(=O)[O-])c(Cl)c(C(=O)[O-])c3)cc2Cl)c1,O=C([O-])c1ccc(Cl)c(C(=O)[O-])c1.O=C([O-])c1cccc(C(=O)[O-])c1Cl,Clc1cccc(Cl)c1,11,18,73.99291962226654,43,True
58,O=C([O-])c1cc(-c2ccc(-c3c(Cl)c(C(=O)[O-])cc(C(=O)[O-])c3Cl)cc2Cl)c(Cl)c(C(=O)[O-])c1Cl,O=C([O-])c1cc(C(=O)[O-])c(Cl)cc1Cl.O=C([O-])c1ccc(Cl)c(C(=O)[O-])c1Cl,Clc1ccccc1,11,19,85.06078793661372,58,True
71,O=C([O-])c1cc(C(=O)[O-])c(Cl)c(-c2ccc(-c3c(Cl)c(C(=O)[O-])c(Cl)c(C(=O)[O-])c3Cl)c(Cl)c2Cl)c1,O=C([O-])c1c(Cl)cc(Cl)c(C(=O)[O-])c1Cl.O=C([O-])c1ccc(Cl)c(C(=O)[O-])c1,Clc1ccccc1Cl,12,26,86.02800670899029,71,True
83,O=C([O-])C#CC(F)=C(F)C#CC(=O)[O-],C#CC(=O)[O-].C#CC(=O)[O-],FC=CF,4,9,0.771394001284252,83,True
91,CCC(=Cc1cc(CC)c(C(=O)[O-])cc1CC)c1ccc(C(=O)[O-])c(CC)c1,CCc1ccc(CC)c(C(=O)[O-])c1.CCc1ccccc1C(=O)[O-],C=CCC,4,17,62.760978876412295,91,True
109,N#Cc1cc(-c2cc(C(=O)[O-])c(C#N)c(C(=O)[O-])c2C#N)c(C#N)c(C#N)c1-c1cc(C(=O)[O-])c(C#N)c(C(=O)[O-])c1C#N,N#Cc1ccc(C(=O)[O-])c(C#N)c1C(=O)[O-].N#Cc1ccc(C(=O)[O-])c(C#N)c1C(=O)[O-],N#Cc1ccc(C#N)c(C#N)c1,8,24,93.84010162025466,109,True
0,N#Cc1cc(-c2c(C#N)c(C(=O)[O-])c(C#N)c(C(=O)[O-])c2C#N)cc(C#N)c1-c1c(C#N)c(C(=O)[O-])cc(C(=O)[O-])c1C#N,N#Cc1cc(C#N)c(C(=O)[O-])c(C#N)c1C(=O)[O-].N#Cc1cc(C#N)c(C(=O)[O-])cc1C(=O)[O-],N#Cc1cccc(C#N)c1,10,33,93.90908674556792,0,True
12,CCc1cc(-c2nnc(-c3c(CC)cc(C(=O)[O-])c(CC)c3CC)nn2)c(CC)cc1C(=O)[O-],CCc1cc(CC)c(CC)c(C(=O)[O-])c1.CCc1ccc(CC)c(C(=O)[O-])c1,c1nncnn1,14,19,85.09577982269847,12,True
29,CCCOc1cc(C(=O)[O-])ccc1-c1nnc(-c2ccc(C(=O)[O-])cc2)nn1,CCCOc1cccc(C(=O)[O-])c1.O=C([O-])c1ccccc1,c1nncnn1,12,19,48.12264949631827,29,True
42,O=C([O-])C#CC=C(Cl)C#CC(=O)[O-],C#CC(=O)[O-].C#CC(=O)[O-],C=CCl,4,9,1.0350852240807225,42,True
49,Cc1cc(-c2c(C)cc(-c3ccc(C(=O)[O-])c(C)c3C)c(C)c2C)c(C)c(C)c1C(=O)[O-],Cc1ccc(C)c(C(=O)[O-])c1C.Cc1cccc(C(=O)[O-])c1C,Cc1ccc(C)c(C)c1,8,14,101.45145957872276,49,True
58,O=C([O-])c1cc(F)c(-c2ccc(-c3c(F)cc(C(=O)[O-])c(F)c3F)cc2)c(F)c1F,O=C([O-])c1cc(F)cc(F)c1F.O=C([O-])c1cc(F)cc(F)c1F,c1ccccc1,7,19,57.1702827894656,58,True
69,O=C([O-])c1ccc(-c2cc(F)c(-c3c(F)cc(C(=O)[O-])c(F)c3F)c(F)c2)c(F)c1,O=C([O-])c1cc(F)cc(F)c1F.O=C([O-])c1cccc(F)c1,Fc1cccc(F)c1,7,18,56.42846548423816,69,True
82,CCCc1cc(C(=O)[O-])ccc1-c1nnc(-c2ccc(C(=O)[O-])cc2)nn1,CCCc1cccc(C(=O)[O-])c1.O=C([O-])c1ccccc1,c1nncnn1,11,18,50.51617832697274,82,True
96,O=C([O-])c1ccc(C(F)=Cc2ccc(C(=O)[O-])c(F)c2)c(F)c1,O=C([O-])c1cccc(F)c1.O=C([O-])c1ccccc1F,C=CF,6,16,41.50069212363608,96,True
107,O=C([O-])c1ccc(C(F)=Cc2ccc(C(=O)[O-])c(F)c2F)cc1F,O=C([O-])c1cccc(F)c1F.O=C([O-])c1ccccc1F,C=CF,6,16,42.3887707596399,107,True
0,Cc1cc(-c2nnc(-c3c(C)cnc(C)c3C)nn2)c(C)c(C)n1,Cc1ccc(C)c(C)n1.Cc1cnc(C)c(C)c1,c1nncnn1,3,17,64.18768602082206,0,True
4,Nc1cc(C(=O)[O-])ccc1-c1nnc(-c2c(N)cc(C(=O)[O-])c(N)c2N)nn1,Nc1cc(N)c(N)c(C(=O)[O-])c1.Nc1cccc(C(=O)[O-])c1,c1nncnn1,11,21,69.90721089310664,4,True
13,Nc1cc(-c2nnc(-c3ccnc(N)c3N)nn2)cc(N)n1,Nc1cccc(N)n1.Nc1cccnc1N,c1nncnn1,3,13,47.70419457667624,13,True
19,O=C([O-])c1cc(F)c(-c2cc(F)c(-c3c(F)cc(C(=O)[O-])c(F)c3F)cc2F)cc1F,O=C([O-])c1cc(F)cc(F)c1F.O=C([O-])c1cc(F)ccc1F,Fc1ccc(F)cc1,7,19,57.71534544754255,19,True
31,O=C([O-])c1ccc(-c2c(Cl)cc(-c3c(Cl)c(Cl)c(C(=O)[O-])c(Cl)c3Cl)c(Cl)c2Cl)cc1,O=C([O-])c1c(Cl)c(Cl)cc(Cl)c1Cl.O=C([O-])c1ccccc1,Clc1ccc(Cl)c(Cl)c1,8,19,70.87423077356829,31,True
39,c1cc(-c2nnc(-c3ccncc3)nn2)ccn1,c1ccncc1.c1ccncc1,c1nncnn1,2,8,36.33032811538125,39,True
43,Cc1cc(-c2nnc(-c3cc(C)c(C(=O)[O-])c(C)c3)nn2)c(C)cc1C(=O)[O-],Cc1ccc(C)c(C(=O)[O-])c1.Cc1cccc(C)c1C(=O)[O-],c1nncnn1,3,14,68.33363290756077,43,True
52,O=C([O-])c1ccc(-c2nnc(-c3ccc(C(=O)[O-])cc3F)nn2)cc1,O=C([O-])c1cccc(F)c1.O=C([O-])c1ccccc1,c1nncnn1,6,15,43.57882412430586,52,True
60,CC(C#CC(=O)[O-])=CC#CC(=O)[O-],C#CC(=O)[O-].C#CC(=O)[O-],C=CC,4,9,2.2581540421262867,60,True
68,O=C([O-])C#CC=C(F)C#CC(=O)[O-],C#CC(=O)[O-].C#CC(=O)[O-],C=CF,4,9,0.3011256722411305,68,True
0,Fc1cc(-c2ccc(-c3c(F)cncc3F)cc2F)cc(F)n1,Fc1cccc(F)n1.Fc1cncc(F)c1,Fc1ccccc1,3,15,48.11433436065361,0,True
13,O=C([O-])c1ccc(-c2cc(F)c(-c3ccc(C(=O)[O-])cc3F)c(F)c2)cc1,O=C([O-])c1cccc(F)c1.O=C([O-])c1ccccc1,Fc1cccc(F)c1,6,15,53.59515331350404,13,True
23,O=C([O-])c1c(F)cc(C=C(F)c2c(F)c(F)c(C(=O)[O-])c(F)c2F)cc1F,O=C([O-])c1c(F)c(F)cc(F)c1F.O=C([O-])c1c(F)cccc1F,C=CF,8,20,46.851293210704426,23,True
34,Cc1cc(-c2nnc(-c3c(C)cc(C(=O)[O-])cc3C)nn2)ccc1C(=O)[O-],Cc1cc(C)cc(C(=O)[O-])c1.Cc1ccccc1C(=O)[O-],c1nncnn1,10,14,60.868140255027846,34,True
43,Cc1cc(C(=O)[O-])cc(C)c1-c1nnc(-c2ccc(C(=O)[O-])c(C)c2C)nn1,Cc1cc(C)cc(C(=O)[O-])c1.Cc1cccc(C(=O)[O-])c1C,c1nncnn1,8,21,72.46394562401,43,True
52,O=C([O-])c1ccc(-c2nnc(-c3ccc(C(=O)[O-])cc3Br)nn2)cc1,O=C([O-])c1cccc(Br)c1.O=C([O-])c1ccccc1,c1nncnn1,6,15,46.65185338680729,52,True
62,Cc1cc(C(=O)[O-])ccc1-c1nnc(-c2ccc(C(=O)[O-])cc2C)nn1,Cc1cccc(C(=O)[O-])c1.Cc1cccc(C(=O)[O-])c1,c1nncnn1,9,19,55.67160228133979,62,True
73,Cc1cc(-c2nnc(-c3ccncc3C)nn2)c(C)cn1,Cc1ccc(C)nc1.Cc1cccnc1,c1nncnn1,3,14,50.812247969970514,73,True
77,O=C([O-])c1ccc(-c2ccc(-c3ccc(C(=O)[O-])c(F)c3F)cc2)c(F)c1F,O=C([O-])c1cccc(F)c1F.O=C([O-])c1cccc(F)c1F,c1ccccc1,6,17,55.530338458377074,77,True
87,Cc1cc(C(=O)[O-])ccc1-c1ccc(-c2c(C)c(C)c(C(=O)[O-])c(C)c2C)cc1C,Cc1cc(C)c(C)c(C(=O)[O-])c1C.Cc1cccc(C(=O)[O-])c1,Cc1ccccc1,4,22,89.07665212823476,87,True
0,Cc1cc(-c2ccc(-c3ccc(C(=O)[O-])cc3C)c(C)c2)c(C)cc1C(=O)[O-],Cc1ccc(C)c(C(=O)[O-])c1.Cc1cccc(C(=O)[O-])c1,Cc1ccccc1,9,13,70.25637810426731,0,True
9,CCCC(C#CC(=O)[O-])=CC#CC(=O)[O-],C#CC(=O)[O-].C#CC(=O)[O-],C=CCCC,4,9,3.972584727379825,9,True
22,Cc1cc(C(=O)[O-])ccc1-c1c(C)cc(-c2c(C)cc(C(=O)[O-])c(C)c2C)cc1C,Cc1cc(C)c(C)c(C(=O)[O-])c1.Cc1cccc(C(=O)[O-])c1,Cc1cccc(C)c1,11,21,81.64240428949758,22,True
31,O=C([O-])c1ccc(C(Cl)=C(Cl)c2ccc(C(=O)[O-])c(Cl)c2)cc1,O=C([O-])c1ccccc1.O=C([O-])c1ccccc1Cl,ClC=CCl,6,16,48.238829161600165,31,True
45,O=C([O-])c1ccc(-c2nnc(-c3ccc(C(=O)[O-])cc3)nn2)cc1,O=C([O-])c1ccccc1.O=C([O-])c1ccccc1,c1nncnn1,6,15,42.176980180401706,45,True
52,O=C([O-])c1cc(Cl)c(-c2nnc(-c3c(Cl)c(Cl)c(C(=O)[O-])c(Cl)c3Cl)nn2)cc1Cl,O=C([O-])c1c(Cl)c(Cl)cc(Cl)c1Cl.O=C([O-])c1cc(Cl)ccc1Cl,c1nncnn1,8,20,67.82681789192495,52,True
61,Fc1nccc(-c2ccc(-c3ccnc(F)c3F)c(F)c2F)c1F,Fc1cccnc1F.Fc1cccnc1F,Fc1ccccc1F,5,13,49.12298589251242,61,True
73,O=C([O-])c1cc(F)c(-c2cc(F)c(-c3ccc(C(=O)[O-])c(F)c3F)cc2F)c(F)c1,O=C([O-])c1cc(F)cc(F)c1.O=C([O-])c1cccc(F)c1F,Fc1ccc(F)cc1,7,17,56.58054813672087,73,True
85,O=C([O-])c1ccc(C=C(Cl)c2ccc(C(=O)[O-])cc2)cc1,O=C([O-])c1ccccc1.O=C([O-])c1ccccc1,C=CCl,6,15,42.23419973661304,85,True
99,Cc1cc(-c2nnc(-c3ccnc(C)c3)nn2)ccn1,Cc1ccccn1.Cc1ccccn1,c1nncnn1,3,10,39.180869398786285,99,True
0,O=C([O-])c1cc(C(=O)[O-])c(F)c(-c2c(F)cc(-c3cc(C(=O)[O-])c(F)c(C(=O)[O-])c3F)c(F)c2F)c1,O=C([O-])c1ccc(F)c(C(=O)[O-])c1.O=C([O-])c1ccc(F)c(C(=O)[O-])c1F,Fc1ccc(F)c(F)c1,11,18,66.20193540326973,0,True
15,O=C([O-])c1cc(C(=O)[O-])cc(-c2ccc(-c3cc(C(=O)[O-])cc(C(=O)[O-])c3F)c(F)c2F)c1,O=C([O-])c1ccc(F)c(C(=O)[O-])c1.O=C([O-])c1cccc(C(=O)[O-])c1,Fc1ccccc1F,11,23,60.73261276732194,15,True
30,O=C([O-])c1cc(C(=O)[O-])c(F)c(-c2ccc(-c3cc(C(=O)[O-])cc(C(=O)[O-])c3F)c(F)c2F)c1,O=C([O-])c1ccc(F)c(C(=O)[O-])c1.O=C([O-])c1ccc(F)c(C(=O)[O-])c1,Fc1ccccc1F,11,24,62.72496807347608,30,True
48,O=C([O-])c1cc(C(=O)[O-])c(F)c(-c2ccc(-c3cc(C(=O)[O-])c(F)c(C(=O)[O-])c3F)c(F)c2F)c1,O=C([O-])c1ccc(F)c(C(=O)[O-])c1.O=C([O-])c1ccc(F)c(C(=O)[O-])c1F,Fc1ccccc1F,11,18,65.49177438324676,48,True
63,CCc1cc(-c2cc(CC)c(C(=O)[O-])c(CC)c2)ccc1-c1c(CC)cc(C(=O)[O-])c(CC)c1CC,CCc1cc(CC)c(CC)c(C(=O)[O-])c1.CCc1cccc(CC)c1C(=O)[O-],CCc1ccccc1,14,19,91.24013438145911,63,True
82,c1ccc(-c2cncc(-c3ccccc3)n2)cc1,c1ccccc1.c1ccccc1,c1cnccn1,3,9,42.43914804174825,82,True
86,CCCc1cc(-c2nnc(-c3ccc(C(=O)[O-])c(CCC)c3CCC)nn2)c(CCC)c(CCC)c1C(=O)[O-],CCCc1ccc(CCC)c(C(=O)[O-])c1CCC.CCCc1cccc(C(=O)[O-])c1CCC,c1nncnn1,10,20,95.1785486964598,86,True
102,CCCC(=Cc1cc(CCC)nc(CCC)c1)c1cc(CCC)nc(CCC)c1,CCCc1cccc(CCC)n1.CCCc1cccc(CCC)n1,C=CCCC,5,17,48.247633929744566,102,True
122,O=C([O-])c1cc(F)c(-c2cc(F)c(-c3ccc(C(=O)[O-])c(F)c3F)c(F)c2F)cc1F,O=C([O-])c1cc(F)ccc1F.O=C([O-])c1cccc(F)c1F,Fc1ccc(F)c(F)c1,7,17,57.793564937860125,122,True
133,NC(C#CC(=O)[O-])=C(N)C#CC(=O)[O-],C#CC(=O)[O-].C#CC(=O)[O-],NC=CN,4,9,5.807810488924451,133,True
0,Cc1cc(C(=O)[O-])ccc1-c1c(C)c(C)c(-c2ccc(C(=O)[O-])c(C)c2C)c(C)c1C,Cc1cccc(C(=O)[O-])c1.Cc1cccc(C(=O)[O-])c1C,Cc1cc(C)c(C)cc1C,8,20,92.95794062143877,0,True
8,Cc1cc(-c2ccc(-c3c(C)c(C)nc(C)c3C)c(C)c2C)c(C)c(C)n1,Cc1cc(C)c(C)nc1C.Cc1ccc(C)c(C)n1,Cc1ccccc1C,3,16,80.35562435256793,8,True
14,CCCc1cc(-c2nnc(-c3ccc(C(=O)[O-])cc3CCC)nn2)c(CCC)cc1C(=O)[O-],CCCc1ccc(CCC)c(C(=O)[O-])c1.CCCc1cccc(C(=O)[O-])c1,c1nncnn1,11,17,67.48815240820605,14,True
32,O=C([O-])c1ccc(-c2cc(Cl)c(-c3ccc(C(=O)[O-])cc3Cl)cc2Cl)c(Cl)c1,O=C([O-])c1cccc(Cl)c1.O=C([O-])c1cccc(Cl)c1,Clc1ccc(Cl)cc1,6,16,57.80599096293395,32,True
39,Clc1cc(-c2ccc(-c3cc(Cl)nc(Cl)c3Cl)c(Cl)c2)cc(Cl)n1,Clc1ccc(Cl)c(Cl)n1.Clc1cccc(Cl)n1,Clc1ccccc1,3,11,48.94734897201981,39,True
46,CCCC(=Cc1ccc(C(=O)[O-])cc1)c1c(CCC)cc(C(=O)[O-])cc1CCC,CCCc1cc(CCC)cc(C(=O)[O-])c1.O=C([O-])c1ccccc1,C=CCCC,14,21,57.11293966482328,46,True
63,Nc1cc(-c2cc(N)c(-c3c(N)cnc(N)c3N)cc2N)c(N)cn1,Nc1ccc(N)nc1.Nc1cnc(N)c(N)c1,Nc1ccc(N)cc1,3,16,64.79753060438767,63,True
67,O=C([O-])c1ccc(-c2c(Cl)cc(-c3ccc(C(=O)[O-])c(Cl)c3)cc2Cl)c(Cl)c1,O=C([O-])c1cccc(Cl)c1.O=C([O-])c1ccccc1Cl,Clc1cccc(Cl)c1,6,16,59.03192575567533,67,True
78,O=C([O-])c1ccc(-c2nnc(-c3cc(F)c(C(=O)[O-])cc3F)nn2)cc1,O=C([O-])c1cc(F)ccc1F.O=C([O-])c1ccccc1,c1nncnn1,7,17,44.73164515570516,78,True
85,Cc1c(C(=O)[O-])ccc(-c2nnc(-c3ccc(C(=O)[O-])cc3)nn2)c1C,Cc1cccc(C(=O)[O-])c1C.O=C([O-])c1ccccc1,c1nncnn1,8,17,60.4206157315572,85,True
0,CCc1cc(-c2nnc(-c3ccnc(CC)c3CC)nn2)c(CC)cn1,CCc1ccc(CC)nc1.CCc1cccnc1CC,c1nncnn1,4,16,59.05099677141373,0,True
12,CCc1cc(-c2nnc(-c3cc(CC)c(C(=O)[O-])cc3CC)nn2)c(CC)cc1C(=O)[O-],CCc1ccc(CC)c(C(=O)[O-])c1.CCc1ccc(CC)c(C(=O)[O-])c1,c1nncnn1,4,17,74.05235843528065,12,True
29,O=C([O-])c1ccc(C(F)=C(F)c2cc(F)c(C(=O)[O-])c(F)c2F)cc1F,O=C([O-])c1c(F)ccc(F)c1F.O=C([O-])c1ccccc1F,FC=CF,7,18,46.00521810935309,29,True
43,Fc1cc(-c2c(F)cncc2F)ccc1-c1c(F)cnc(F)c1F,Fc1cnc(F)c(F)c1.Fc1cncc(F)c1,Fc1ccccc1,8,16,49.65070906326622,43,True
51,O=C([O-])c1cc(F)c(-c2ccc(-c3cc(F)c(C(=O)[O-])cc3F)cc2)cc1F,O=C([O-])c1cc(F)ccc1F.O=C([O-])c1cc(F)ccc1F,c1ccccc1,7,18,55.3182248852396,51,True
64,O=C([O-])c1cc(C(=O)[O-])cc(-c2ccc(-c3cc(C(=O)[O-])cc(C(=O)[O-])c3Cl)c(Cl)c2Cl)c1,O=C([O-])c1ccc(Cl)c(C(=O)[O-])c1.O=C([O-])c1cccc(C(=O)[O-])c1,Clc1ccccc1Cl,11,23,68.21413148781869,64,True
79,O=C([O-])c1cc(C(=O)[O-])c(Cl)c(-c2ccc(-c3c(Cl)c(C(=O)[O-])c(Cl)c(C(=O)[O-])c3Cl)cc2)c1Cl,O=C([O-])c1c(Cl)cc(Cl)c(C(=O)[O-])c1Cl.O=C([O-])c1cc(C(=O)[O-])c(Cl)cc1Cl,c1ccccc1,12,26,89.42579341956977,79,True
93,O=C([O-])c1cc(C(=O)[O-])c(Cl)c(-c2ccc(-c3cc(C(=O)[O-])c(Cl)c(C(=O)[O-])c3Cl)c(Cl)c2Cl)c1,O=C([O-])c1ccc(Cl)c(C(=O)[O-])c1.O=C([O-])c1ccc(Cl)c(C(=O)[O-])c1Cl,Clc1ccccc1Cl,11,18,81.55688692119891,93,True
106,O=C([O-])c1cc(C(=O)[O-])c(Cl)c(-c2cc(Cl)c(-c3cc(C(=O)[O-])c(Cl)c(C(=O)[O-])c3Cl)cc2Cl)c1,O=C([O-])c1ccc(Cl)c(C(=O)[O-])c1.O=C([O-])c1ccc(Cl)c(C(=O)[O-])c1Cl,Clc1ccc(Cl)cc1,11,18,80.03953398712277,106,True
124,O=C([O-])c1ccc(-c2ccc(-c3ccc(C(=O)[O-])c(Cl)c3)cc2Cl)c(Cl)c1,O=C([O-])c1cccc(Cl)c1.O=C([O-])c1ccccc1Cl,Clc1ccccc1,6,16,58.2154525218394,124,True
0,O=C([O-])c1cc(Cl)c(-c2cc(Cl)c(-c3c(Cl)cc(C(=O)[O-])c(Cl)c3Cl)c(Cl)c2Cl)c(Cl)c1,O=C([O-])c1cc(Cl)cc(Cl)c1.O=C([O-])c1cc(Cl)cc(Cl)c1Cl,Clc1ccc(Cl)c(Cl)c1,7,19,66.87559537820272,0,True
7,COc1cc(-c2ccc(-c3ccc(C(=O)[O-])c(OC)c3OC)c(OC)c2)ccc1C(=O)[O-],COc1cccc(C(=O)[O-])c1OC.COc1ccccc1C(=O)[O-],COc1ccccc1,9,17,78.65086292840876,7,True
21,O=C([O-])c1cc(C(=O)[O-])c(Cl)c(-c2cc(Cl)c(-c3c(Cl)c(C(=O)[O-])cc(C(=O)[O-])c3Cl)c(Cl)c2Cl)c1,O=C([O-])c1cc(C(=O)[O-])c(Cl)cc1Cl.O=C([O-])c1ccc(Cl)c(C(=O)[O-])c1,Clc1ccc(Cl)c(Cl)c1,11,25,79.50286246079489,21,True
36,O=C([O-])c1cc(C(=O)[O-])cc(-c2c(Cl)cc(-c3cc(C(=O)[O-])cc(C(=O)[O-])c3Cl)cc2Cl)c1,O=C([O-])c1ccc(Cl)c(C(=O)[O-])c1.O=C([O-])c1cccc(C(=O)[O-])c1,Clc1cccc(Cl)c1,11,23,66.83321002820922,36,True
54,O=C([O-])c1cc(C(=O)[O-])c(Cl)c(-c2ccc(-c3cc(C(=O)[O-])c(Cl)c(C(=O)[O-])c3)c(Cl)c2)c1,O=C([O-])c1ccc(Cl)c(C(=O)[O-])c1.O=C([O-])c1cccc(C(=O)[O-])c1Cl,Clc1ccccc1,11,18,74.34446252388176,54,True
70,O=C([O-])c1cc(-c2ccc(-c3c(Cl)c(C(=O)[O-])c(Cl)c(C(=O)[O-])c3Cl)cc2Cl)c(Cl)c(C(=O)[O-])c1Cl,O=C([O-])c1c(Cl)cc(Cl)c(C(=O)[O-])c1Cl.O=C([O-])c1ccc(Cl)c(C(=O)[O-])c1Cl,Clc1ccccc1,12,20,92.12798540551688,70,True
83,O=C([O-])c1cc(C(=O)[O-])c(F)c(-c2c(F)cc(-c3c(F)c(C(=O)[O-])cc(C(=O)[O-])c3F)c(F)c2F)c1,O=C([O-])c1cc(C(=O)[O-])c(F)cc1F.O=C([O-])c1ccc(F)c(C(=O)[O-])c1,Fc1ccc(F)c(F)c1,11,25,65.45742851893284,83,True
98,O=C([O-])c1cc(C(=O)[O-])cc(-c2cc(F)c(-c3cc(C(=O)[O-])c(F)c(C(=O)[O-])c3)c(F)c2F)c1,O=C([O-])c1cccc(C(=O)[O-])c1.O=C([O-])c1cccc(C(=O)[O-])c1F,Fc1ccc(F)c(F)c1,10,17,61.97865645430248,98,True
115,O=C([O-])c1cc(C(=O)[O-])c(F)c(-c2cc(F)c(-c3cc(C(=O)[O-])c(F)c(C(=O)[O-])c3F)c(F)c2)c1,O=C([O-])c1ccc(F)c(C(=O)[O-])c1.O=C([O-])c1ccc(F)c(C(=O)[O-])c1F,Fc1cccc(F)c1,11,18,65.35775613275295,115,True
130,COc1cncc(OC)c1-c1nnc(-c2ccncc2)nn1,COc1cncc(OC)c1.c1ccncc1,c1nncnn1,9,12,46.87644699406532,130,True
0,O=C([O-])c1ccc(-c2ccc(-c3ccc(C(=O)[O-])c(Cl)c3)cc2)cc1Cl,O=C([O-])c1ccccc1Cl.O=C([O-])c1ccccc1Cl,c1ccccc1,6,16,58.50830022646208,0,True
12,O=C([O-])c1ccc(C=C(F)c2c(F)cc(C(=O)[O-])c(F)c2F)cc1,O=C([O-])c1cc(F)cc(F)c1F.O=C([O-])c1ccccc1,C=CF,7,18,42.88219114240016,12,True
23,O=C([O-])c1ccc(C(F)=Cc2cc(F)c(C(=O)[O-])c(F)c2)c(F)c1F,O=C([O-])c1c(F)cccc1F.O=C([O-])c1cccc(F)c1F,C=CF,7,17,44.10374643021222,23,True
35,O=C([O-])c1ccc(-c2cc(F)c(-c3ccc(C(=O)[O-])c(F)c3F)cc2F)c(F)c1F,O=C([O-])c1cccc(F)c1F.O=C([O-])c1cccc(F)c1F,Fc1ccc(F)cc1,6,17,57.066310580029416,35,True
47,O=C([O-])c1ccc(-c2nnc(-c3c(F)cc(C(=O)[O-])c(F)c3F)nn2)c(F)c1,O=C([O-])c1cc(F)cc(F)c1F.O=C([O-])c1cccc(F)c1,c1nncnn1,7,18,47.76647208655535,47,True
56,FC(=Cc1ccncc1)c1c(F)cnc(F)c1F,Fc1cnc(F)c(F)c1.c1ccncc1,C=CF,8,11,35.8761340757072,56,True
63,O=C([O-])c1c(O)cc(-c2ccc(-c3cc(O)c(C(=O)[O-])c(O)c3)c(O)c2)cc1O,O=C([O-])c1c(O)cccc1O.O=C([O-])c1c(O)cccc1O,Oc1ccccc1,7,18,63.1306348300471,63,True
73,CCc1cc(C(=O)[O-])cc(CC)c1-c1nnc(-c2ccc(C(=O)[O-])cc2)nn1,CCc1cc(CC)cc(C(=O)[O-])c1.O=C([O-])c1ccccc1,c1nncnn1,12,19,55.66385193386442,73,True
84,O=C([O-])c1cc(F)c(C=C(F)c2c(F)cc(C(=O)[O-])c(F)c2F)cc1F,O=C([O-])c1cc(F)cc(F)c1F.O=C([O-])c1cc(F)ccc1F,C=CF,7,19,44.56864212632928,84,True
98,Fc1nccc(-c2nnc(-c3c(F)c(F)nc(F)c3F)nn2)c1F,Fc1cc(F)c(F)nc1F.Fc1cccnc1F,c1nncnn1,7,15,40.75859532803163,98,True
0,O=C([O-])c1ccc(-c2nnc(-c3cc(Cl)c(C(=O)[O-])c(Cl)c3Cl)nn2)c(Cl)c1,O=C([O-])c1c(Cl)ccc(Cl)c1Cl.O=C([O-])c1cccc(Cl)c1,c1nncnn1,7,18,59.529369703327525,0,True
11,COC(C#CC(=O)O)=CC#CC(=O)[O-],C#CC(=O)O.C#CC(=O)[O-],C=COC,4,9,2.8584915946493945,11,True
19,Nc1cnc(N)c(N)c1-c1nnc(-c2c(N)cnc(N)c2N)nn1,Nc1cnc(N)c(N)c1.Nc1cnc(N)c(N)c1,c1nncnn1,8,17,65.21463519528201,19,True
23,FC(=Cc1cc(F)nc(F)c1)c1ccncc1,Fc1cccc(F)n1.c1ccncc1,C=CF,3,10,33.714045160312,23,True
32,O=C([O-])c1ccc(-c2cc(F)c(-c3cc(F)c(C(=O)[O-])c(F)c3F)cc2F)c(F)c1F,O=C([O-])c1c(F)ccc(F)c1F.O=C([O-])c1cccc(F)c1F,Fc1ccc(F)cc1,7,18,58.424147954923626,32,True
44,COC(=Cc1cc(OC)c(C(=O)[O-])c(OC)c1OC)c1c(OC)c(OC)c(C(=O)[O-])c(OC)c1OC,COc1cc(OC)c(OC)c(C(=O)[O-])c1OC.COc1ccc(OC)c(C(=O)[O-])c1OC,C=COC,6,21,107.66878234872144,44,True
57,Fc1cc(-c2nnc(-c3c(F)cncc3F)nn2)c(F)cn1,Fc1ccc(F)nc1.Fc1cncc(F)c1,c1nncnn1,3,15,40.45180094845294,57,True
61,O=C([O-])c1ccc(-c2nnc(-c3c(F)cc(C(=O)[O-])c(F)c3F)nn2)c(F)c1F,O=C([O-])c1cc(F)cc(F)c1F.O=C([O-])c1cccc(F)c1F,c1nncnn1,7,18,49.03557262678692,61,True
71,Fc1cc(-c2ccc(-c3ccnc(F)c3F)cc2F)c(F)c(F)n1,Fc1ccc(F)c(F)n1.Fc1cccnc1F,Fc1ccccc1,3,14,48.256077612391245,71,True
83,CCc1cc(C(=O)[O-])c(CC)c(CC)c1-c1nnc(-c2ccc(C(=O)[O-])cc2)nn1,CCc1cc(CC)c(CC)c(C(=O)[O-])c1.O=C([O-])c1ccccc1,c1nncnn1,14,21,69.33449390755467,83,True
0,O=C([O-])c1cc(F)c(-c2c(F)c(F)c(-c3c(F)cc(C(=O)[O-])c(F)c3F)c(F)c2F)c(F)c1,O=C([O-])c1cc(F)cc(F)c1.O=C([O-])c1cc(F)cc(F)c1F,Fc1cc(F)c(F)cc1F,7,19,58.70863025640868,0,True
10,O=C([O-])c1cc(Cl)c(-c2cc(Cl)c(-c3c(Cl)c(Cl)c(C(=O)[O-])c(Cl)c3Cl)c(Cl)c2)c(Cl)c1,O=C([O-])c1c(Cl)c(Cl)cc(Cl)c1Cl.O=C([O-])c1cc(Cl)cc(Cl)c1,Clc1cccc(Cl)c1,8,20,69.68703115407435,10,True
18,O=C([O-])c1ccc(-c2nnc(-c3cc(Cl)c(C(=O)[O-])cc3Cl)nn2)c(Cl)c1,O=C([O-])c1cc(Cl)ccc1Cl.O=C([O-])c1cccc(Cl)c1,c1nncnn1,7,17,54.18777826480088,18,True
26,CCc1cc(-c2nnc(-c3ccc(C(=O)[O-])cc3CC)nn2)c(CC)cc1C(=O)[O-],CCc1ccc(CC)c(C(=O)[O-])c1.CCc1cccc(C(=O)[O-])c1,c1nncnn1,10,15,65.88166533051947,26,True
39,CCc1cncc(CC)c1-c1nnc(-c2c(CC)cnc(CC)c2CC)nn1,CCc1cnc(CC)c(CC)c1.CCc1cncc(CC)c1,c1nncnn1,11,21,66.92100572273071,39,True
48,Cc1cc(-c2nnc(-c3ccc(C(=O)[O-])cc3)nn2)c(C)cc1C(=O)[O-],Cc1ccc(C)c(C(=O)[O-])c1.O=C([O-])c1ccccc1,c1nncnn1,3,17,55.62431786350764,48,True
56,O=C([O-])c1cc(-c2cc(F)c(-c3cc(C(=O)[O-])c(F)c(C(=O)[O-])c3)c(F)c2F)cc(C(=O)[O-])c1F,O=C([O-])c1cccc(C(=O)[O-])c1F.O=C([O-])c1cccc(C(=O)[O-])c1F,Fc1ccc(F)c(F)c1,5,18,64.4564422074564,56,True
70,O=C([O-])c1cc(C(=O)[O-])c(F)c(-c2ccc(-c3c(F)c(C(=O)[O-])cc(C(=O)[O-])c3F)c(F)c2)c1,O=C([O-])c1cc(C(=O)[O-])c(F)cc1F.O=C([O-])c1ccc(F)c(C(=O)[O-])c1,Fc1ccccc1,11,25,63.88803234328004,70,True
86,O=C([O-])c1cc(-c2ccc(-c3c(F)c(C(=O)[O-])c(F)c(C(=O)[O-])c3F)cc2)cc(C(=O)[O-])c1F,O=C([O-])c1c(F)cc(F)c(C(=O)[O-])c1F.O=C([O-])c1cccc(C(=O)[O-])c1F,c1ccccc1,12,20,66.57715885434271,86,True
101,O=C([O-])c1ccc(-c2ccc(-c3ccc(C(=O)[O-])c(Cl)c3Cl)c(Cl)c2)cc1,O=C([O-])c1cccc(Cl)c1Cl.O=C([O-])c1ccccc1,Clc1ccccc1,6,17,60.11974161456144,101,True
0,CCc1cnc(CC)c(CC)c1-c1nnc(-c2c(CC)cnc(CC)c2CC)nn1,CCc1cnc(CC)c(CC)c1.CCc1cnc(CC)c(CC)c1,c1nncnn1,11,23,72.03339855624193,0,True
15,CC(C#CC(=O)[O-])=C(C)C#CC(=O)[O-],C#CC(=O)[O-].C#CC(=O)[O-],CC=CC,4,9,5.192839884875114,15,True
21,O=C([O-])c1cc(C(=O)[O-])c(Cl)c(-c2c(Cl)cc(-c3c(Cl)c(C(=O)[O-])c(Cl)c(C(=O)[O-])c3Cl)c(Cl)c2Cl)c1Cl,O=C([O-])c1c(Cl)cc(Cl)c(C(=O)[O-])c1Cl.O=C([O-])c1cc(C(=O)[O-])c(Cl)cc1Cl,Clc1ccc(Cl)c(Cl)c1,12,26,91.74739589502336,21,True
31,O=C([O-])c1cc(C(=O)[O-])c(Cl)c(-c2cc(Cl)c(-c3c(Cl)c(C(=O)[O-])c(Cl)c(C(=O)[O-])c3Cl)c(Cl)c2Cl)c1Cl,O=C([O-])c1c(Cl)cc(Cl)c(C(=O)[O-])c1Cl.O=C([O-])c1cc(C(=O)[O-])c(Cl)cc1Cl,Clc1ccc(Cl)c(Cl)c1,12,26,91.72249042742703,31,True
41,O=C([O-])c1cc(C(=O)[O-])cc(-c2ccc(-c3c(Cl)c(C(=O)[O-])cc(C(=O)[O-])c3Cl)c(Cl)c2)c1,O=C([O-])c1cc(C(=O)[O-])c(Cl)cc1Cl.O=C([O-])c1cccc(C(=O)[O-])c1,Clc1ccccc1,11,24,69.99704355370997,41,True
59,O=C([O-])c1cc(C(=O)[O-])c(Cl)c(-c2cc(Cl)c(-c3c(Cl)c(C(=O)[O-])cc(C(=O)[O-])c3Cl)c(Cl)c2Cl)c1Cl,O=C([O-])c1cc(C(=O)[O-])c(Cl)cc1Cl.O=C([O-])c1cc(C(=O)[O-])c(Cl)cc1Cl,Clc1ccc(Cl)c(Cl)c1,11,25,84.82111022325232,59,True
68,N#Cc1cc(C(=O)[O-])c(C#N)c(C#N)c1-c1nnc(-c2ccc(C(=O)[O-])c(C#N)c2C#N)nn1,N#Cc1cc(C#N)c(C#N)c(C(=O)[O-])c1.N#Cc1cccc(C(=O)[O-])c1C#N,c1nncnn1,9,27,67.10016886492369,68,True
79,CCc1cc(-c2nnc(-c3ccc(C(=O)[O-])cc3CC)nn2)ccc1C(=O)[O-],CCc1cccc(C(=O)[O-])c1.CCc1ccccc1C(=O)[O-],c1nncnn1,10,15,58.1225198332726,79,True
89,O=C([O-])C#CC(Br)=C(Br)C#CC(=O)[O-],C#CC(=O)[O-].C#CC(=O)[O-],BrC=CBr,4,9,2.331046528627463,89,True
96,Cc1cc(-c2c(C)cc(C(=O)[O-])c(C)c2C)ccc1-c1c(C)cc(C(=O)[O-])c(C)c1C,Cc1cc(C)c(C)c(C(=O)[O-])c1.Cc1cc(C)c(C)c(C(=O)[O-])c1,Cc1ccccc1,11,23,93.0832803209174,96,True
0,Cc1cnccc1-c1ccc(-c2c(C)c(C)nc(C)c2C)cc1,Cc1cc(C)c(C)nc1C.Cc1cccnc1,c1ccccc1,6,14,66.04101610559573,0,True
6,O=C([O-])c1cc(C(=O)[O-])c(Cl)c(-c2c(Cl)cc(-c3cc(C(=O)[O-])c(Cl)c(C(=O)[O-])c3Cl)c(Cl)c2Cl)c1,O=C([O-])c1ccc(Cl)c(C(=O)[O-])c1.O=C([O-])c1ccc(Cl)c(C(=O)[O-])c1Cl,Clc1ccc(Cl)c(Cl)c1,11,18,82.22654886313724,6,True
18,O=C([O-])c1cc(-c2ccc(-c3c(Cl)c(C(=O)[O-])c(Cl)c(C(=O)[O-])c3Cl)c(Cl)c2Cl)cc(C(=O)[O-])c1Cl,O=C([O-])c1c(Cl)cc(Cl)c(C(=O)[O-])c1Cl.O=C([O-])c1cccc(C(=O)[O-])c1Cl,Clc1ccccc1Cl,12,20,89.26914743719986,18,True
33,O=C([O-])c1cc(C(=O)[O-])c(Cl)c(-c2ccc(-c3cc(C(=O)[O-])c(Cl)c(C(=O)[O-])c3Cl)cc2Cl)c1,O=C([O-])c1ccc(Cl)c(C(=O)[O-])c1.O=C([O-])c1ccc(Cl)c(C(=O)[O-])c1Cl,Clc1ccccc1,11,18,79.24320048847233,33,True
52,O=C([O-])c1cc(F)c(-c2ccc(-c3c(F)cc(C(=O)[O-])c(F)c3F)c(F)c2)c(F)c1F,O=C([O-])c1cc(F)cc(F)c1F.O=C([O-])c1cc(F)cc(F)c1F,Fc1ccccc1,7,19,57.86124479608631,52,True
62,O=C([O-])c1ccc(-c2ccc(-c3ccc(C(=O)[O-])c(F)c3F)cc2F)cc1,O=C([O-])c1cccc(F)c1F.O=C([O-])c1ccccc1,Fc1ccccc1,6,17,54.27447570707262,62,True
73,Fc1cnccc1-c1ccc(-c2c(F)cncc2F)cc1F,Fc1cccnc1.Fc1cncc(F)c1,Fc1ccccc1,7,14,48.83062969348637,73,True
84,O=C([O-])c1cc(C(=O)[O-])c(O)c(-c2cc(O)c(-c3c(O)c(C(=O)[O-])cc(C(=O)[O-])c3O)c(O)c2)c1,O=C([O-])c1cc(C(=O)[O-])c(O)cc1O.O=C([O-])c1ccc(O)c(C(=O)[O-])c1,Oc1cccc(O)c1,11,25,74.25034476116747,84,True
100,O=C([O-])c1cc(-c2ccc(-c3cc(C(=O)[O-])c(O)c(C(=O)[O-])c3O)c(O)c2)cc(C(=O)[O-])c1O,O=C([O-])c1ccc(O)c(C(=O)[O-])c1O.O=C([O-])c1cccc(C(=O)[O-])c1O,Oc1ccccc1,5,18,79.29915253369282,100,True
115,N#CC(=Cc1ccc(C(=O)[O-])cc1C#N)c1ccc(C(=O)[O-])c(C#N)c1C#N,N#Cc1cccc(C(=O)[O-])c1.N#Cc1cccc(C(=O)[O-])c1C#N,C=CC#N,9,23,52.58322601466119,115,True
